time,total,global,clear_sky,Incriments
6:00:00,167.4372,57.21716,0.34172316,-0.014355438
6:01:00,170.7148,55.88653,0.327367722,-0.00619886
6:02:00,174.0098,55.88653,0.321168862,0.016513806
6:03:00,177.3216,59.87842,0.337682668,0.001144681
6:04:00,180.6497,61.20905,0.338827349,0.001073927
6:05:00,183.9937,62.53968,0.339901276,-0.006094746
6:06:00,187.3531,62.53968,0.33380653,0.001070868
6:07:00,190.7275,63.87032,0.334877398,0.001008411
6:08:00,194.1164,65.20095,0.335885809,-0.012523677
6:09:00,197.5195,63.87032,0.323362132,-0.025365011
6:10:00,200.9362,59.87842,0.297997121,-0.018023529
6:11:00,204.3663,57.21716,0.279973592,0.001764625
6:12:00,207.8092,58.54779,0.281738217,0.033182445
6:13:00,211.2646,66.53158,0.314920662,0.038291638
6:14:00,214.7320,75.846,0.3532123,0.012662113
6:15:00,218.2112,79.8379,0.365874413,0.006243435
6:16:00,221.7017,82.49916,0.372117848,0.011940126
6:17:00,225.2031,86.49106,0.384057974,0.005738326
6:18:00,228.7152,89.15232,0.3897963,0.005547357
6:19:00,232.2374,91.81358,0.395343657,0.016652415
6:20:00,235.7695,97.13611,0.411996072,0.005023246
6:21:00,239.3111,99.79737,0.417019318,0.004860651
6:22:00,242.8620,102.4586,0.421879969,0.004705524
6:23:00,246.4216,105.1199,0.426585492,-0.006088823
6:24:00,249.9899,105.1199,0.420496669,-0.005930865
6:25:00,253.5663,105.1199,0.414565804,-0.005778427
6:26:00,257.1506,105.1199,0.408787377,-0.005631271
6:27:00,260.7424,105.1199,0.403156106,-0.010522808
6:28:00,264.3416,103.7893,0.392633297,-0.005284164
6:29:00,267.9477,103.7893,0.387349134,0.004646443
6:30:00,271.5605,106.4505,0.391995577,-0.009990925
6:31:00,275.1796,105.1199,0.382004652,-0.009739679
6:32:00,278.8049,103.7893,0.372264972,-0.014208627
6:33:00,282.4360,101.128,0.358056346,9.95564E-05
6:34:00,286.0726,102.4586,0.358155902,0.009276477
6:35:00,289.7145,106.4505,0.367432379,-3.16771E-05
6:36:00,293.3614,107.7812,0.367400702,-3.71015E-05
6:37:00,297.0131,109.1118,0.3673636,0.008809577
6:38:00,300.6692,113.1037,0.376173177,0.008592554
6:39:00,304.3296,117.0956,0.384765731,0.004062695
6:40:00,307.9939,119.7568,0.388828426,0.008232145
6:41:00,311.6620,123.7487,0.397060572,0.003816482
6:42:00,315.3336,126.41,0.400877054,0.012066607
6:43:00,319.0084,131.7325,0.412943661,0.00354078
6:44:00,322.6862,134.3938,0.41648444,0.007534401
6:45:00,326.3669,138.3857,0.424018841,0.007363015
6:46:00,330.0500,142.3776,0.431381856,0.00719743
6:47:00,333.7356,146.3695,0.438579286,0.003093998
6:48:00,337.4232,149.0308,0.441673284,0.003024343
6:49:00,341.1127,151.692,0.444697627,0.002957733
6:50:00,344.8039,154.3533,0.447655359,-0.000925219
6:51:00,348.4965,155.6839,0.446730141,-0.000907406
6:52:00,352.1904,157.0145,0.445822734,-0.004628726
6:53:00,355.8854,157.0145,0.441194009,-0.000833932
6:54:00,359.5812,158.3452,0.440360077,-0.00081802
6:55:00,363.2776,159.6758,0.439542057,-0.000802075
6:56:00,366.9745,161.0064,0.438739982,0.002803595
6:57:00,370.6717,163.6677,0.441543577,0.002748149
6:58:00,374.3689,166.329,0.444291726,0.009733536
6:59:00,378.0660,171.6515,0.454025262,0.009545399
7:00:00,381.7627,176.974,0.463570661,0.016267162
7:01:00,385.4590,184.9578,0.479837823,0.015959019
7:02:00,389.1546,192.9416,0.495796842,0.008885537
7:03:00,392.8493,198.2641,0.504682379,0.002010311
7:04:00,396.5429,200.9254,0.50669269,-0.001350037
7:05:00,400.2354,202.256,0.505342653,-0.007911943
7:06:00,403.9264,200.9254,0.49743071,-0.001238078
7:07:00,407.6159,202.256,0.496192632,0.008491704
7:08:00,411.3036,207.5785,0.504684336,0.001930445
7:09:00,414.9895,210.2398,0.50661478,0.001898968
7:10:00,418.6732,212.9011,0.508513749,-0.001282127
7:11:00,422.3548,214.2317,0.507231622,-0.001257124
7:12:00,426.0339,215.5623,0.505974498,-0.001232363
7:13:00,429.7105,216.893,0.504742134,0.004931975
7:14:00,433.3844,220.8848,0.50967411,0.007897361
7:15:00,437.0554,226.2074,0.517571471,0.007769178
7:16:00,440.7234,231.5299,0.525340649,-0.004332405
7:17:00,444.3882,231.5299,0.521008244,-0.001287932
7:18:00,448.0496,232.8605,0.519720313,0.010520226
7:19:00,451.7076,239.5137,0.530240539,0.004511151
7:20:00,455.3620,243.5056,0.53475169,-0.007151788
7:21:00,459.0126,242.175,0.527599902,-0.012786699
7:22:00,462.6593,238.1831,0.514813203,-0.004021567
7:23:00,466.3019,238.1831,0.510791636,0.004539795
7:24:00,469.9403,242.175,0.515331431,0.001664901
7:25:00,473.5743,244.8362,0.516996332,0.001644627
7:26:00,477.2039,247.4975,0.518640959,0.004392104
7:27:00,480.8289,251.4894,0.523033063,0.009825014
7:28:00,484.4491,258.1426,0.532858077,0.017863542
7:29:00,488.0644,268.7876,0.550721619,0.017606858
7:30:00,491.6746,279.4327,0.568328476,0.025415966
7:31:00,495.2798,294.0696,0.593744442,0.014386294
7:32:00,498.8796,303.384,0.608130736,0.019483274
7:33:00,502.4740,315.3597,0.62761401,0.029731075
7:34:00,506.0628,332.6579,0.657345085,0.047596225
7:35:00,509.6460,359.2705,0.704941311,0.057311059
7:36:00,513.2233,391.2057,0.762252369,0.110597235
7:37:00,516.7948,451.0841,0.872849605,0.029819478
7:38:00,520.3601,469.713,0.902669082,-0.163597656
7:39:00,523.9193,387.2138,0.739071426,-0.045340664
7:40:00,527.4722,365.9237,0.693730762,-0.0447261
7:41:00,531.0187,344.6336,0.649004662,-0.006786962
7:42:00,534.5586,343.303,0.6422177,0.000728638
7:43:00,538.0919,345.9642,0.642946337,-0.001729339
7:44:00,541.6184,347.2949,0.641216998,-0.001699059
7:45:00,545.1380,348.6255,0.639517939,0.00318152
7:46:00,548.6505,352.6174,0.642699459,0.012788864
7:47:00,552.1560,361.9318,0.655488322,0.098845943
7:48:00,555.6542,419.149,0.754334266,0.366533201
7:49:00,559.1451,626.7275,1.120867467,-0.032955
7:50:00,562.6284,612.0905,1.087912467,0.223669963
7:51:00,566.1043,742.4924,1.31158243,0.024720592
7:52:00,569.5724,761.1213,1.336303022,-0.047544839
7:53:00,573.0327,738.5006,1.288758183,0.019979979
7:54:00,576.4851,754.4681,1.308738162,0.010582784
7:55:00,579.9295,765.1132,1.319320946,-0.208495529
7:56:00,583.3658,648.0176,1.110825418,0.122765456
7:57:00,586.7939,723.8636,1.233590873,0.083032224
7:58:00,590.2136,777.0889,1.316623098,-0.189130518
7:59:00,593.6249,669.3077,1.127492579,-0.592590079
8:00:00,597.0277,319.3516,0.5349025,0.621933753
8:01:00,600.4218,694.5897,1.156836253,0.033181261
8:02:00,603.8072,718.5411,1.190017515,0.010914126
8:03:00,607.1837,729.1861,1.20093164,-0.762873583
8:04:00,610.5513,267.4569,0.438058058,-0.024071177
8:05:00,613.9098,254.1506,0.413986881,0.004220915
8:06:00,617.2592,258.1426,0.418207796,-0.00653912
8:07:00,620.5993,255.4813,0.411668677,0.021261538
8:08:00,623.9301,270.1182,0.432930215,-0.000170933
8:09:00,627.2515,271.4489,0.432759281,0.183426904
8:10:00,630.5633,388.5444,0.616186185,0.471216728
8:11:00,633.8655,689.2672,1.087402913,0.069562737
8:12:00,637.1580,737.1699,1.15696565,0.0106912
8:13:00,640.4406,747.8149,1.167656851,0.000264958
8:14:00,643.7134,751.8069,1.167921809,0.002336832
8:15:00,646.9761,757.1294,1.170258641,-0.003807636
8:16:00,650.2288,758.46,1.166451005,-0.009860214
8:17:00,653.4712,755.7988,1.156590791,-0.030007316
8:18:00,656.7034,739.8312,1.126583475,-0.291819942
8:19:00,659.9252,550.8815,0.834763534,-0.058220011
8:20:00,663.1366,514.9544,0.776543522,0.022229936
8:21:00,666.3374,532.2526,0.798773459,-0.433088421
8:22:00,669.5275,244.8362,0.365685037,-0.029420648
8:23:00,672.7070,226.2074,0.336264389,-0.033076499
8:24:00,675.8756,204.9173,0.30318789,-0.003369625
8:25:00,679.0333,203.5866,0.299818265,-0.00723468
8:26:00,682.1801,199.5947,0.292583585,-0.003280314
8:27:00,685.3158,198.2641,0.289303271,-0.005178718
8:28:00,688.4403,195.6028,0.284124553,-0.005127245
8:29:00,691.5536,192.9416,0.278997308,-0.006992449
8:30:00,694.6556,188.9497,0.272004858,-0.001204811
8:31:00,697.7462,188.9497,0.270800048,-0.004987147
8:32:00,700.8253,186.2884,0.265812901,-0.006829574
8:33:00,703.8928,182.2965,0.258983327,-0.004883836
8:34:00,706.9487,179.6353,0.254099491,-0.002963716
8:35:00,709.9928,178.3046,0.251135775,0.000798248
8:36:00,713.0252,179.6353,0.251934023,0.002653805
8:37:00,716.0456,182.2965,0.254587828,0.006337042
8:38:00,719.0541,187.6191,0.26092487,0.009974169
8:39:00,722.0505,195.6028,0.270899039,0.009896561
8:40:00,725.0349,203.5866,0.2807956,0.004336968
8:41:00,728.0070,207.5785,0.285132568,0.006127028
8:42:00,730.9668,212.9011,0.291259596,0.004269459
8:43:00,733.9143,216.893,0.295529056,0.004240224
8:44:00,736.8494,220.8848,0.29976928,0.007809313
8:45:00,739.7719,227.538,0.307578593,0.014919789
8:46:00,742.6819,239.5137,0.322498381,0.013024266
8:47:00,745.5792,250.1587,0.335522647,0.014707267
8:48:00,748.4638,262.1344,0.350229914,0.019913627
8:49:00,751.3355,278.102,0.370143541,0.028590231
8:50:00,754.1945,300.7228,0.398733772,0.112749883
8:51:00,757.0404,387.2138,0.511483655,0.078644809
8:52:00,759.8734,448.4229,0.590128464,0.004796717
8:53:00,762.6932,453.7454,0.594925181,-0.002181284
8:54:00,765.4999,453.7454,0.592743897,-0.116462684
8:55:00,768.2934,365.9237,0.476281213,0.006911093
8:56:00,771.0735,372.5768,0.483192306,0.005150555
8:57:00,773.8403,377.8994,0.48834286,0.006835774
8:58:00,776.5937,384.5526,0.495178634,0.010210758
8:59:00,779.3335,393.8669,0.505389392,0.003342674
9:00:00,782.0598,397.8589,0.508732066,-0.022105264
9:01:00,784.7724,381.8913,0.486626801,0.003401435
9:02:00,787.4714,385.8832,0.490028236,-0.055553548
9:03:00,790.1565,343.303,0.434474688,-0.033352279
9:04:00,792.8278,318.021,0.401122409,-0.02141277
9:05:00,795.4852,302.0534,0.379709639,-0.014595184
9:06:00,798.1286,291.4083,0.365114455,-0.016154228
9:07:00,800.7580,279.4327,0.348960227,-0.019355425
9:08:00,803.3733,264.7957,0.329604802,-0.012620429
9:09:00,805.9744,255.4813,0.316984374,-0.004305555
9:10:00,808.5613,252.82,0.312678818,0.002289265
9:11:00,811.1339,255.4813,0.314968084,0.000645001
9:12:00,813.6922,256.8119,0.315613084,-0.005874243
9:13:00,816.2360,252.82,0.309738841,0.000668272
9:14:00,818.7654,254.1506,0.310407114,0.013631255
9:15:00,821.2802,266.1263,0.324038369,0.013554012
9:16:00,823.7804,278.102,0.337592381,0.016699089
9:17:00,826.2660,292.739,0.35429147,0.021422237
9:18:00,828.7369,311.3678,0.375713707,0.027705502
9:19:00,831.1929,335.3192,0.403419208,0.0530887
9:20:00,833.6342,380.5606,0.456507908,-0.001324843
9:21:00,836.0605,380.5606,0.455183065,-0.002896017
9:22:00,838.4719,379.23,0.452287049,-0.025025746
9:23:00,840.8683,359.2705,0.427261302,-0.015408307
9:24:00,843.2497,347.2949,0.411852996,-0.016888199
9:25:00,845.6159,333.9885,0.394964796,-0.004233389
9:26:00,847.9669,331.3273,0.390731407,0.030224449
9:27:00,850.3027,357.9399,0.420955856,0.092492285
9:28:00,852.6232,437.7778,0.513448141,0.032856924
9:29:00,854.9284,467.0517,0.546305065,0.211201302
9:30:00,857.2181,649.3482,0.757506367,-0.322473464
9:31:00,859.4925,373.9075,0.435032903,0.02047707
9:32:00,861.7513,392.5363,0.455509974,0.028079083
9:33:00,863.9945,417.8183,0.483589057,0.015653876
9:34:00,866.2222,432.4553,0.499242932,0.003325044
9:35:00,868.4342,436.4472,0.502567976,0.122528825
9:36:00,870.6304,544.2283,0.625096801,0.693626355
9:37:00,872.8109,1150.996,1.318723156,-0.001741339
9:38:00,874.9756,1152.327,1.316981817,0.002842283
9:39:00,877.1245,1157.65,1.3198241,0.004364973
9:40:00,879.2574,1164.303,1.324189073,0.005878054
9:41:00,881.3743,1172.287,1.330067126,0.00888607
9:42:00,883.4752,1182.932,1.338953196,0.010370229
9:43:00,885.5601,1194.907,1.349323425,0.020840445
9:44:00,887.6289,1216.197,1.37016387,-0.062985906
9:45:00,889.6815,1162.972,1.307177964,-0.777442914
9:46:00,891.7178,472.3742,0.529735051,-0.056284434
9:47:00,893.7380,423.1408,0.473450617,-0.027798208
9:48:00,895.7418,399.1895,0.445652409,-0.005433296
9:49:00,897.7293,395.1976,0.440219113,0.105521555
9:50:00,899.7004,491.0031,0.545740668,0.28511542
9:51:00,901.6551,749.1456,0.830856088,-0.369932211
9:52:00,903.5932,416.4877,0.460923876,-0.053879218
9:53:00,905.5149,368.585,0.407044658,0.054868252
9:54:00,907.4200,419.149,0.46191291,0.006357351
9:55:00,909.3084,425.8021,0.468270261,0.110023772
9:56:00,911.1802,526.9301,0.578294033,0.415633305
9:57:00,913.0354,907.4908,0.993927338,0.267075109
9:58:00,914.8737,1153.658,1.261002447,-0.008312487
9:59:00,916.6953,1148.335,1.25268996,-0.032883829
10:00:00,918.5001,1120.392,1.219806131,-0.05731345
10:01:00,920.2879,1069.828,1.162492681,-0.018107033
10:02:00,922.0589,1055.191,1.144385648,-0.022338168
10:03:00,923.8130,1036.562,1.12204748,-0.009293984
10:04:00,925.5500,1029.909,1.112753496,-0.013544011
10:05:00,927.2700,1019.264,1.099209485,-0.009176693
10:06:00,928.9730,1012.611,1.090032792,-0.00626398
10:07:00,930.6588,1008.619,1.083768812,-0.006221514
10:08:00,932.3275,1004.627,1.077547298,-0.003330475
10:09:00,933.9790,1003.296,1.074216823,0.00523443
10:10:00,935.6133,1009.949,1.079451252,0.006656286
10:11:00,937.2304,1017.933,1.086107538,0.008071204
10:12:00,938.8302,1027.248,1.094178743,0.00806299
10:13:00,940.4126,1036.562,1.102241733,0.005231458
10:14:00,941.9777,1043.215,1.107473191,-0.004636868
10:15:00,943.5253,1040.554,1.102836323,0.00806979
10:16:00,945.0556,1049.868,1.110906113,0.012282743
10:17:00,946.5683,1063.175,1.123188856,0.015070226
10:18:00,948.0636,1079.142,1.138259082,0.01084098
10:19:00,949.5413,1091.118,1.149100062,-0.001764323
10:20:00,951.0015,1091.118,1.147335739,-0.001737743
10:21:00,952.4441,1091.118,1.145597995,-0.015660847
10:22:00,953.8690,1077.812,1.129937149,-0.014201253
10:23:00,955.2762,1065.836,1.115735896,-0.012747805
10:24:00,956.6658,1055.191,1.102988091,-0.000191142
10:25:00,958.0377,1056.521,1.102796948,0.009540133
10:26:00,959.3917,1067.167,1.112337081,0.008147565
10:27:00,960.7280,1076.481,1.120484646,-0.00153561
10:28:00,962.0465,1076.481,1.118949037,0.004013785
10:29:00,963.3471,1081.803,1.122962822,0.00264508
10:30:00,964.6299,1085.795,1.125607902,-0.002850947
10:31:00,965.8947,1084.465,1.122756954,-0.011079012
10:32:00,967.1416,1075.15,1.111677943,0.010956352
10:33:00,968.3706,1087.126,1.122634295,-0.004146593
10:34:00,969.5815,1084.465,1.118487702,-0.004116598
10:35:00,970.7745,1081.803,1.114371104,-0.001347057
10:36:00,971.9494,1081.803,1.113024047,-0.006792247
10:37:00,973.1062,1076.481,1.1062318,-0.002659191
10:38:00,974.2449,1075.15,1.10357261,0.004189529
10:39:00,975.3655,1080.473,1.107762138,0.001474423
10:40:00,976.4680,1083.134,1.109236561,-0.003952468
10:41:00,977.5523,1080.473,1.105284093,-0.001204096
10:42:00,978.6184,1080.473,1.104079997,-0.007972055
10:43:00,979.6663,1073.82,1.096107942,-0.005221401
10:44:00,980.6959,1069.828,1.090886541,-0.00383445
10:45:00,981.7073,1067.167,1.087052091,0.005671563
10:46:00,982.7004,1073.82,1.092723655,0.004327465
10:47:00,983.6752,1079.142,1.09705112,-0.001065668
10:48:00,984.6317,1079.142,1.095985452,0.001656748
10:49:00,985.5698,1081.803,1.0976422,0.007069969
10:50:00,986.4895,1089.787,1.10471217,0.011120485
10:51:00,987.3909,1101.763,1.115832654,0.005735036
10:52:00,988.2738,1108.416,1.12156769,-0.023849654
10:53:00,989.1383,1085.795,1.097718036,-0.057389526
10:54:00,989.9844,1029.909,1.04032851,0.062250995
10:55:00,990.8120,1092.449,1.102579505,0.003125082
10:56:00,991.6211,1096.44,1.105704587,0.005824023
10:57:00,992.4117,1103.094,1.11152861,0.009853979
10:58:00,993.1838,1113.739,1.121382589,-0.00888286
10:59:00,993.9373,1105.755,1.112499729,-0.011524066
11:00:00,994.6723,1095.11,1.100975663,-0.007476228
11:01:00,995.3887,1088.457,1.093499435,0.00457684
11:02:00,996.0865,1093.779,1.098076275,-0.000748257
11:03:00,996.7658,1093.779,1.097328018,-0.000726769
11:04:00,997.4264,1093.779,1.096601249,-0.006037649
11:05:00,998.0683,1088.457,1.0905636,-0.002013409
11:06:00,998.6917,1087.126,1.088550191,-0.000658671
11:07:00,999.2963,1087.126,1.08789152,-0.003298882
11:08:00,999.8823,1084.465,1.084592638,-0.001945419
11:09:00,1000.4496,1083.134,1.082647219,0.002064993
11:10:00,1000.9982,1085.795,1.084712212,0.000755064
11:11:00,1001.5281,1087.126,1.085467276,0.002101854
11:12:00,1002.0393,1089.787,1.08756913,0.002121071
11:13:00,1002.5317,1092.449,1.089690201,0.006118434
11:14:00,1003.0054,1099.102,1.095808635,-0.000496805
11:15:00,1003.4604,1099.102,1.09531183,0.002174782
11:16:00,1003.8965,1101.763,1.097486612,0.000869163
11:17:00,1004.3139,1103.094,1.098355776,0.002212754
11:18:00,1004.7125,1105.755,1.100568529,-0.0004159
11:19:00,1005.0924,1105.755,1.100152629,-0.003041589
11:20:00,1005.4534,1103.094,1.09711104,0.000949057
11:21:00,1005.7956,1104.424,1.098060097,0.000969959
11:22:00,1006.1190,1105.755,1.099030057,0.000988916
11:23:00,1006.4236,1107.085,1.100018973,-0.000312224
11:24:00,1006.7093,1107.085,1.099706749,-0.000291482
11:25:00,1006.9762,1107.085,1.099415267,-0.005554594
11:26:00,1007.2243,1101.763,1.093860674,-0.002890185
11:27:00,1007.4535,1099.102,1.090970489,0.003733888
11:28:00,1007.6638,1103.094,1.094704377,0.006393142
11:29:00,1007.8553,1109.747,1.101097518,0.001130828
11:30:00,1008.0280,1111.077,1.102228346,-0.00016812
11:31:00,1008.1817,1111.077,1.102060227,0.001172574
11:32:00,1008.3166,1112.408,1.1032328,0.001192928
11:33:00,1008.4327,1113.739,1.104425728,-0.000106398
11:34:00,1008.5298,1113.739,1.10431933,0.002552577
11:35:00,1008.6081,1116.4,1.106871907,0.001254374
11:36:00,1008.6675,1117.731,1.108126281,-0.001364029
11:37:00,1008.7081,1116.4,1.106762251,-2.37487E-05
11:38:00,1008.7297,1116.4,1.106738503,0.002634931
11:39:00,1008.7325,1119.061,1.109373434,0.002655731
11:40:00,1008.7163,1121.722,1.112029165,-0.002599515
11:41:00,1008.6814,1119.061,1.109429651,0.001378877
11:42:00,1008.6275,1120.392,1.110808527,8.01323E-05
11:43:00,1008.5547,1120.392,1.11088866,-0.00121889
11:44:00,1008.4631,1119.061,1.109669769,0.001441586
11:45:00,1008.3526,1120.392,1.111111356,0.000142584
11:46:00,1008.2232,1120.392,1.111253939,0.001482771
11:47:00,1008.0749,1121.722,1.11273671,-0.001135067
11:48:00,1007.9078,1120.392,1.111601643,-0.003756259
11:49:00,1007.7219,1116.4,1.107845384,-0.001095833
11:50:00,1007.5170,1115.069,1.106749551,0.001567142
11:51:00,1007.2933,1116.4,1.108316693,0.001588613
11:52:00,1007.0508,1117.731,1.109905306,0.002931213
11:53:00,1006.7894,1120.392,1.112836519,0.001631226
11:54:00,1006.5092,1121.722,1.114467745,-0.002313345
11:55:00,1006.2101,1119.061,1.112154401,-0.000970746
11:56:00,1005.8922,1117.731,1.111183655,0.00037207
11:57:00,1005.5555,1117.731,1.111555725,0.001716247
11:58:00,1005.2000,1119.061,1.113271972,0.001739322
11:59:00,1004.8257,1120.392,1.115011294,-0.000888737
12:00:00,1004.4326,1119.061,1.114122557,0.001782737
12:01:00,1004.0207,1120.392,1.115905293,-0.000847365
12:02:00,1003.5900,1119.061,1.115057928,-0.00082625
12:03:00,1003.1406,1117.731,1.114231679,0.000520295
12:04:00,1002.6724,1117.731,1.114751973,-0.000786453
12:05:00,1002.1854,1116.4,1.11396552,0.000562373
12:06:00,1001.6797,1116.4,1.114527893,0.004571192
12:07:00,1001.1553,1120.392,1.119099084,-0.004712302
12:08:00,1000.6122,1115.069,1.114386782,0.000626064
12:09:00,1000.0504,1115.069,1.115012847,0.001979337
12:10:00,999.4698,1116.4,1.116992184,-0.001993953
12:11:00,998.8706,1113.739,1.114998231,-0.003308866
12:12:00,998.2528,1109.747,1.111689365,0.002042473
12:13:00,997.6163,1111.077,1.113731838,0.002066942
12:14:00,996.9611,1112.408,1.11579878,0.000754595
12:15:00,996.2873,1112.408,1.116553375,-0.00056039
12:16:00,995.5950,1111.077,1.115992985,0.000797519
12:17:00,994.8840,1111.077,1.116790504,-0.000518277
12:18:00,994.1544,1109.747,1.116272227,-0.000499199
12:19:00,993.4063,1108.416,1.115773028,-0.000479116
12:20:00,992.6397,1107.085,1.115293912,0.003566759
12:21:00,991.8545,1109.747,1.11886067,0.000907336
12:22:00,991.0508,1109.747,1.119768006,0.000929737
12:23:00,990.2286,1109.747,1.120697743,-0.001738327
12:24:00,989.3880,1107.085,1.118959416,0.00231891
12:25:00,988.5289,1108.416,1.121278326,-0.000351365
12:26:00,987.6513,1107.085,1.120926961,-0.001678927
12:27:00,986.7554,1104.424,1.119248033,-0.001661124
12:28:00,985.8410,1101.763,1.117586909,0.001058388
12:29:00,984.9083,1101.763,1.118645297,0.001081283
12:30:00,983.9572,1101.763,1.11972658,-0.000249754
12:31:00,982.9877,1100.432,1.119476827,-0.001583753
12:32:00,982.0000,1097.771,1.117893074,0.001146428
12:33:00,980.9940,1097.771,1.119039502,-0.00018854
12:34:00,979.9697,1096.44,1.118850962,-0.000167061
12:35:00,978.9271,1095.11,1.1186839,-0.032984236
12:36:00,1008.6675,1095.11,1.085699664,0.032710587
12:37:00,976.7874,1092.449,1.118410252,0.002620776
12:38:00,975.6902,1093.779,1.121031027,-0.002813237
12:39:00,974.5749,1089.787,1.11821779,-0.002798913
12:40:00,973.4415,1085.795,1.115418877,-0.032372186
12:41:00,1008.6814,1092.449,1.08304669,0.039148942
12:42:00,971.1203,1089.787,1.122195632,0.001374102
12:43:00,969.9327,1089.787,1.123569733,0.00277237
12:44:00,968.7270,1091.118,1.126342103,4.88709E-05
12:45:00,967.5033,1089.787,1.126390974,-0.002683969
12:46:00,966.2617,1085.795,1.123707005,0.002846018
12:47:00,965.0021,1087.126,1.126553023,0.000112251
12:48:00,963.7246,1085.795,1.126665274,0.001516448
12:49:00,962.4292,1085.795,1.128181722,0.000157716
12:50:00,961.1159,1084.465,1.128339438,-0.003981198
12:51:00,959.7848,1079.142,1.12435824,0.004358787
12:52:00,958.4360,1081.803,1.128717027,-0.001168617
12:53:00,957.0693,1079.142,1.127548409,0.000241664
12:54:00,955.6850,1077.812,1.127790073,0.000262247
12:55:00,954.2829,1076.481,1.12805232,0.001680791
12:56:00,952.8631,1076.481,1.12973311,-0.002489021
12:57:00,951.4257,1072.489,1.127244089,0.000325436
12:58:00,949.9707,1071.158,1.127569526,-0.001054879
12:59:00,948.4981,1068.497,1.126514646,0.001772594
13:00:00,947.0080,1068.497,1.12828724,-0.001015272
13:01:00,945.5003,1065.836,1.127271968,0.000411273
13:02:00,943.9752,1064.505,1.12768324,-0.000977758
13:03:00,942.4326,1061.844,1.126705482,0.000453446
13:04:00,940.8726,1060.513,1.127158928,-0.002357166
13:05:00,939.2953,1056.521,1.124801762,0.000494517
13:06:00,937.7006,1055.191,1.125296279,0.000515942
13:07:00,936.0886,1053.86,1.125812221,0.000539603
13:08:00,934.4594,1052.53,1.126351823,-0.000865638
13:09:00,932.8129,1049.868,1.125486185,-0.000846862
13:10:00,931.1492,1047.207,1.124639323,0.000601772
13:11:00,929.4684,1045.876,1.125241096,-0.000808821
13:12:00,927.7704,1043.215,1.124432274,0.000646213
13:13:00,926.0554,1041.885,1.125078487,-0.000771692
13:14:00,924.3233,1039.223,1.124306795,0.002131517
13:15:00,922.5743,1039.223,1.126438312,-0.003619304
13:16:00,920.8082,1033.901,1.122819008,-0.00071715
13:17:00,919.0253,1031.24,1.122101857,0.000750723
13:18:00,917.2255,1029.909,1.12285258,-0.00067856
13:19:00,915.4088,1027.248,1.12217402,0.000795179
13:20:00,913.5754,1025.917,1.122969199,-0.002099614
13:21:00,911.7252,1021.925,1.120869584,-0.000624738
13:22:00,909.8582,1019.264,1.120244846,-0.002072651
13:23:00,907.9746,1015.272,1.118172195,0.002345031
13:24:00,906.0744,1015.272,1.120517226,0.002375483
13:25:00,904.1576,1015.272,1.122892709,-0.000543173
13:26:00,902.2243,1012.611,1.122349537,-0.002003389
13:27:00,900.2744,1008.619,1.120346147,-0.001991606
13:28:00,898.3082,1004.627,1.118354541,0.002473828
13:29:00,896.3255,1004.627,1.120828369,-0.000470079
13:30:00,894.3264,1001.966,1.12035829,0.001038801
13:31:00,892.3110,1000.635,1.121397091,0.00255905
13:32:00,890.2794,1000.635,1.123956141,-0.00040485
13:33:00,888.2315,997.9737,1.123551291,-0.001887745
13:34:00,886.1675,993.9818,1.121663546,0.002639143
13:35:00,884.0874,993.9818,1.124302689,-0.001853875
13:36:00,881.9911,989.9899,1.122448814,-0.004866802
13:37:00,879.8789,983.3368,1.117582012,0.002709748
13:38:00,877.7506,983.3368,1.12029176,0.002743352
13:39:00,875.6065,983.3368,1.123035112,-0.000269606
13:40:00,873.4464,980.6755,1.122765506,-0.000250548
13:41:00,871.2705,978.0142,1.122514957,-0.000231311
13:42:00,869.0789,975.353,1.122283646,-0.000212237
13:43:00,866.8715,972.6917,1.122071409,-0.000192865
13:44:00,864.6484,970.0305,1.121878544,-0.000173653
13:45:00,862.4097,967.3692,1.121704891,-0.000154136
13:46:00,860.1555,964.708,1.121550756,-0.001685914
13:47:00,857.8857,960.716,1.119864841,0.001435918
13:48:00,855.6004,959.3854,1.121300759,-0.001654945
13:49:00,853.2998,955.3935,1.119645814,-8.01138E-05
13:50:00,850.9837,952.7322,1.1195657,-6.02452E-05
13:51:00,848.6524,950.071,1.119505455,-4.05247E-05
13:52:00,846.3058,947.4097,1.11946493,-0.003173886
13:53:00,843.9441,942.0872,1.116291044,0.003152832
13:54:00,841.5672,942.0872,1.119443875,1.95385E-05
13:55:00,839.1752,939.4259,1.119463414,0.001630036
13:56:00,836.7682,938.0953,1.12109345,-0.003124883
13:57:00,834.3462,932.7728,1.117968567,0.003274835
13:58:00,831.9093,932.7728,1.121243402,-0.003102632
13:59:00,829.4575,927.4503,1.118140771,0.001725814
14:00:00,826.9910,926.1196,1.119866585,-0.00308524
14:01:00,824.5097,920.7971,1.116781345,0.001772139
14:02:00,822.0138,919.4664,1.118553484,0.000179369
14:03:00,819.5032,916.8052,1.118732853,0.00182909
14:04:00,816.9781,915.4746,1.120561943,0.000226519
14:05:00,814.4385,912.8133,1.120788462,-0.003029942
14:06:00,811.8845,907.4908,1.11775852,0.000258937
14:07:00,809.3161,904.8295,1.118017457,0.003579279
14:08:00,806.7334,904.8295,1.121596736,-0.001342003
14:09:00,804.1364,900.8376,1.120254733,0.000329185
14:10:00,801.5252,898.1763,1.120583918,0.003682353
14:11:00,798.9000,898.1763,1.12426627,0.000384423
14:12:00,796.2607,895.5151,1.124650693,0.000406688
14:13:00,793.6073,892.8538,1.125057381,0.000429359
14:14:00,790.9401,890.1926,1.12548674,0.00213996
14:15:00,788.2590,888.8619,1.127626699,0.000480719
14:16:00,785.5641,886.2007,1.128107418,-0.001196111
14:17:00,782.8555,882.2087,1.126911308,0.002226766
14:18:00,780.1332,880.8781,1.129138074,0.002262146
14:19:00,777.3973,879.5475,1.13140022,0.000580108
14:20:00,774.6479,876.8862,1.131980328,0.000604118
14:21:00,771.8850,874.225,1.132584445,0.002358241
14:22:00,769.1088,872.8944,1.134942686,0.000658615
14:23:00,766.3192,870.2331,1.1356013,0.002426005
14:24:00,763.5164,868.9025,1.138027305,-0.002784152
14:25:00,760.7004,863.5799,1.135243153,0.002482133
14:26:00,757.8713,862.2493,1.137725286,-0.001004339
14:27:00,755.0291,858.2574,1.136720947,-0.000992349
14:28:00,752.1740,854.2655,1.135728598,0.00434708
14:29:00,749.3060,854.2655,1.140075678,0.000834886
14:30:00,746.4251,851.6043,1.140910564,0.000860799
14:31:00,743.5315,848.943,1.141771363,0.000887082
14:32:00,740.6253,846.2817,1.142658445,0.000913606
14:33:00,737.7064,843.6204,1.143572052,0.000940514
14:34:00,734.7750,840.9592,1.144512565,0.000967402
14:35:00,731.8311,838.2979,1.145479967,0.00099482
14:36:00,728.8749,835.6367,1.146474787,0.001022229
14:37:00,725.9064,832.9754,1.147497016,-0.000790533
14:38:00,722.9256,828.9835,1.146706483,0.00291885
14:39:00,719.9327,827.6529,1.149625333,0.001106507
14:40:00,716.9278,824.9916,1.150731839,-0.000728651
14:41:00,713.9108,820.9997,1.150003188,0.001156181
14:42:00,710.8819,818.3384,1.151159369,0.001185478
14:43:00,707.8412,815.6772,1.152344847,-0.000673141
14:44:00,704.7888,811.6853,1.151671706,0.001236474
14:45:00,701.7247,809.0241,1.15290818,0.001266181
14:46:00,698.6489,806.3627,1.154174361,-0.002529331
14:47:00,695.5617,801.0402,1.15164503,0.001310315
14:48:00,692.4631,798.379,1.152955345,-0.000589271
14:49:00,689.3531,794.3871,1.152366074,0.001363283
14:50:00,686.2318,791.7258,1.153729357,-0.002501132
14:51:00,683.0994,786.4033,1.151228225,-0.000548545
14:52:00,679.9559,782.4114,1.150679679,0.001431077
14:53:00,676.8013,779.7501,1.152110756,-0.000512068
14:54:00,673.6359,775.7582,1.151598688,-0.004467518
14:55:00,670.4596,769.1051,1.14713117,0.003484707
14:56:00,667.2726,767.7744,1.150615876,-0.000470697
14:57:00,664.0749,763.7825,1.15014518,0.00155671
14:58:00,660.8666,761.1213,1.15170189,-0.000433139
14:59:00,657.6478,757.1294,1.15126875,0.001614135
15:00:00,654.4187,754.4681,1.152882885,0.001648568
15:01:00,651.1792,751.8069,1.154531453,-0.000370648
15:02:00,647.9296,747.8149,1.154160805,-0.000355956
15:03:00,644.6698,743.8231,1.153804849,-0.002416215
15:04:00,641.3999,738.5006,1.151388634,0.001747293
15:05:00,638.1202,735.8393,1.153135927,-0.000312734
15:06:00,634.8306,731.8474,1.152823194,-0.000298195
15:07:00,631.5312,727.8555,1.152524998,-0.000283615
15:08:00,628.2222,723.8636,1.152241383,-0.00239828
15:09:00,624.9036,718.5411,1.149843103,0.004015814
15:10:00,621.5756,717.2105,1.153858917,0.006228842
15:11:00,618.2381,717.2105,1.160087759,0.001985964
15:12:00,614.8915,714.5492,1.162073723,-0.000150671
15:13:00,611.5356,710.5573,1.161923052,0.002052875
15:14:00,608.1707,707.896,1.163975927,-0.000107054
15:15:00,604.7967,703.9041,1.163868873,-0.002303534
15:16:00,601.4140,698.5816,1.161565339,0.002137582
15:17:00,598.0224,695.9204,1.163702921,0.004416526
15:18:00,594.6222,694.5897,1.168119447,-1.69281E-05
15:19:00,591.2133,690.5978,1.168102519,0.002263411
15:20:00,587.7961,687.9365,1.170365929,-0.004524278
15:21:00,584.3704,681.2834,1.165841651,0.00231019
15:22:00,580.9365,678.6221,1.168151842,0.002354359
15:23:00,577.4945,675.9609,1.1705062,8.09162E-05
15:24:00,574.0444,671.969,1.170587116,0.004762154
15:25:00,570.5864,670.6383,1.17534927,0.002490458
15:26:00,567.1205,667.9771,1.177839728,0.002537074
15:27:00,563.6470,665.3158,1.180376802,0.00020924
15:28:00,560.1658,661.3239,1.180586042,0.000227763
15:29:00,556.6771,657.332,1.180813805,0.002651949
15:30:00,553.1810,654.6708,1.183465754,0.000280324
15:31:00,549.6777,650.6788,1.183746077,0.00517231
15:32:00,546.1672,649.3482,1.188918387,0.002802692
15:33:00,542.6496,646.687,1.191721079,0.002854434
15:34:00,539.1251,644.0257,1.194575513,0.000422889
15:35:00,535.5939,640.0338,1.194998401,0.005445464
15:36:00,532.0559,638.7032,1.200443866,0.000497913
15:37:00,528.5113,634.7113,1.200941778,0.000519415
15:38:00,524.9603,630.7194,1.201461193,0.003093059
15:39:00,521.4029,628.0581,1.204554252,0.003150242
15:40:00,517.8393,625.3969,1.207704494,0.000620691
15:41:00,514.2697,621.405,1.208325184,0.003248969
15:42:00,510.6940,618.7437,1.211574153,0.00330898
15:43:00,507.1126,616.0825,1.214883133,0.003369684
15:44:00,503.5254,613.4212,1.218252817,0.00077014
15:45:00,499.9326,609.4293,1.219022957,0.000794709
15:46:00,496.3343,605.4374,1.219817666,0.000819521
15:47:00,492.7308,601.4455,1.220637187,0.000844582
15:48:00,489.1220,597.4536,1.221481769,0.000869895
15:49:00,485.5082,593.4617,1.222351664,0.006417896
15:50:00,481.8894,592.131,1.22876956,-0.001818994
15:51:00,478.2658,586.8085,1.226950566,0.006575685
15:52:00,474.6376,585.4779,1.233526251,0.001038646
15:53:00,471.0048,581.486,1.234564898,-0.00178062
15:54:00,467.3677,576.1635,1.232784278,0.001072085
15:55:00,463.7263,572.1716,1.233856363,0.003992173
15:56:00,460.0808,569.5103,1.237848536,0.001151496
15:57:00,456.4313,565.5184,1.239000032,0.001180733
15:58:00,452.7780,561.5266,1.240180765,0.001209863
15:59:00,449.1211,557.5347,1.241390628,0.001239329
16:00:00,445.4606,553.5427,1.242629957,0.001269589
16:01:00,441.7968,549.5508,1.243899547,-0.001737019
16:02:00,438.1297,544.2283,1.242162527,0.004367963
16:03:00,434.4596,541.5671,1.246530491,-0.001726914
16:04:00,430.7865,536.2446,1.244803577,0.007597469
16:05:00,427.1107,534.9139,1.252401046,0.001452288
16:06:00,423.4323,530.922,1.253853334,0.001485045
16:07:00,419.7514,526.9301,1.255338379,-0.001679822
16:08:00,416.0683,521.6076,1.253658557,-0.0017034
16:09:00,412.3831,516.2851,1.251955157,0.004783297
16:10:00,408.6959,513.6238,1.256738454,0.004875952
16:11:00,405.0069,510.9625,1.261614406,0.001655104
16:12:00,401.3163,506.9706,1.26326951,0.001690677
16:13:00,397.6242,502.9788,1.264960187,0.001726203
16:14:00,393.9309,498.9869,1.26668639,0.001762441
16:15:00,390.2365,494.995,1.26844883,0.001799149
16:16:00,386.5411,491.0031,1.270247979,0.005311893
16:17:00,382.8451,488.3418,1.275559872,0.001907895
16:18:00,379.1484,484.3499,1.277467767,0.001946733
16:19:00,375.4514,480.358,1.279414501,-0.001593155
16:20:00,371.7542,475.0355,1.277821346,0.001990025
16:21:00,368.0571,471.0436,1.279811371,0.005681604
16:22:00,364.3601,468.3823,1.285492975,0.002107375
16:23:00,360.6635,464.3904,1.28760035,0.002148899
16:24:00,356.9674,460.3985,1.289749249,0.002191269
16:25:00,353.2722,456.4067,1.291940518,0.002233359
16:26:00,349.5780,452.4147,1.294173877,0.002277166
16:27:00,345.8849,448.4229,1.296451044,0.002320701
16:28:00,342.1933,444.431,1.298771744,0.002365114
16:29:00,338.5033,440.4391,1.301136858,-0.005538439
16:30:00,334.8151,433.7859,1.295598419,0.006385638
16:31:00,331.1289,431.1246,1.301984057,-0.001606813
16:32:00,327.4451,425.8021,1.300377244,0.006566208
16:33:00,323.7637,423.1408,1.306943452,-0.001607946
16:34:00,320.0850,417.8183,1.305335506,0.002548147
16:35:00,316.4093,413.8265,1.307883652,0.002594072
16:36:00,312.7367,409.8345,1.310477724,-0.001663693
16:37:00,309.0676,404.512,1.308814031,0.002637539
16:38:00,305.4021,400.5201,1.31145157,-0.001725143
16:39:00,301.7406,395.1976,1.309726427,0.002678093
16:40:00,298.0832,391.2057,1.31240452,-0.001794303
16:41:00,294.4302,385.8832,1.310610217,-0.001860732
16:42:00,290.7819,380.5606,1.308749485,0.007338256
16:43:00,287.1385,377.8994,1.31608774,-0.001885019
16:44:00,283.5002,372.5768,1.314202722,0.002795461
16:45:00,279.8675,368.585,1.316998183,0.00284121
16:46:00,276.2405,364.5931,1.319839393,-0.00687434
16:47:00,272.6195,357.9399,1.312965053,0.002803132
16:48:00,269.0048,353.948,1.315768185,0.012874378
16:49:00,265.3967,352.6174,1.328642564,-0.002054182
16:50:00,261.7955,347.2949,1.326588382,-0.002148713
16:51:00,258.2015,341.9723,1.324439669,0.002978072
16:52:00,254.6149,337.9804,1.327417742,-0.002278576
16:53:00,251.0362,332.6579,1.325139166,0.002989076
16:54:00,247.4656,328.666,1.328128242,0.003030584
16:55:00,243.9034,324.6741,1.331158827,-0.002464287
16:56:00,240.3499,319.3516,1.32869454,0.003029813
16:57:00,236.8055,315.3597,1.331724353,0.008772054
16:58:00,233.2706,312.6984,1.340496407,0.003192987
16:59:00,229.7454,308.7065,1.343689393,0.009114299
17:00:00,226.2304,306.0453,1.352803692,0.00933747
17:01:00,222.7258,303.384,1.362141162,0.003498822
17:02:00,219.2321,299.3921,1.365639984,-0.002626332
17:03:00,215.7496,294.0696,1.363013651,0.009749601
17:04:00,212.2786,291.4083,1.372763253,0.003622463
17:05:00,208.8197,287.4164,1.376385716,0.010140864
17:06:00,205.3731,284.7552,1.38652658,0.003809187
17:07:00,201.9392,280.7633,1.390335767,0.010551185
17:08:00,198.5185,278.102,1.400886952,-0.002816427
17:09:00,195.1114,272.7795,1.398070525,0.010862418
17:10:00,191.7183,270.1182,1.408932943,-0.002984689
17:11:00,188.3396,264.7957,1.405948253,0.011180362
17:12:00,184.9757,262.1344,1.417128616,0.011474753
17:13:00,181.6272,259.4732,1.428603368,0.019241517
17:14:00,178.2944,258.1426,1.447844885,-0.002975692
17:15:00,174.9778,252.82,1.444869193,0.004520463
17:16:00,171.6779,248.8281,1.449389656,0.004549605
17:17:00,168.3951,244.8362,1.453939261,0.012633319
17:18:00,165.1299,242.175,1.46657258,-0.003462871
17:19:00,161.8829,236.8524,1.463109709,0.004611554
17:20:00,158.6544,232.8605,1.467721262,0.013182605
17:21:00,155.4451,230.1993,1.480903868,0.013545054
17:22:00,152.2555,227.538,1.494448921,0.004995773
17:23:00,149.0859,223.5461,1.499444694,0.023235561
17:24:00,145.9371,222.2155,1.522680255,0.005395287
17:25:00,142.8094,218.2236,1.528075543,0.005398111
17:26:00,139.7035,214.2317,1.533473654,0.005392395
17:27:00,136.6199,210.2398,1.538866048,0.015339821
17:28:00,133.5592,207.5785,1.55420587,0.015778558
17:29:00,130.5219,204.9173,1.569984428,0.016231404
17:30:00,127.5085,202.256,1.586215831,0.016701281
17:31:00,124.5197,199.5947,1.602917112,0.006241733
17:32:00,121.5559,195.6028,1.609158845,0.006204877
17:33:00,118.6179,191.611,1.615363722,-0.005349335
17:34:00,115.7060,186.2884,1.610014387,0.017582769
17:35:00,112.8210,183.6272,1.627597156,0.005994452
17:36:00,109.9634,179.6353,1.633591608,-0.006534332
17:37:00,107.1337,174.3127,1.627057277,0.030930808
17:38:00,104.3325,172.9821,1.657988084,0.019052362
17:39:00,101.5604,170.3209,1.677040447,0.006147221
17:40:00,98.8179,166.329,1.683187667,0.019813854
17:41:00,96.1054,163.6677,1.703001521,0.02039955
17:42:00,93.4236,161.0064,1.723401071,0.006348504
17:43:00,90.7730,157.0145,1.729749574,0.006108143
17:44:00,88.1539,153.0226,1.735857717,0.021381537
17:45:00,85.5668,150.3614,1.757239254,0.005988948
17:46:00,83.0122,146.3695,1.763228202,-0.010883372
17:47:00,80.4904,141.047,1.75234483,0.021790018
17:48:00,78.0018,138.3857,1.774134848,0.004817908
17:49:00,75.5466,134.3938,1.778952757,0.022516586
17:50:00,73.1250,131.7325,1.801469343,0.004375528
17:51:00,70.7373,127.7406,1.805844871,0.003783057
17:52:00,68.3835,123.7487,1.809627928,0.003120889
17:53:00,66.0636,119.7568,1.812748817,0.023248048
17:54:00,63.7777,117.0956,1.835996865,0.02395515
17:55:00,61.5254,114.4343,1.859952014,0.002276189
17:56:00,59.3066,110.4424,1.862228203,0.00137374
17:57:00,57.1208,106.4505,1.863601943,0.024587158
17:58:00,54.9676,103.7893,1.888189101,0.000254464
17:59:00,52.8464,99.79737,1.888443565,-0.000882013
18:00:00,50.7562,95.80547,1.887561553,-0.894630879
,,,,
,,,,
,,,,
,,,,
,,,,
,,,,
,,,,
,,,,
,,,,
,,,,
,,,,
,,,,
,,,,
,,,,
,,,,
,,,,
,,,,
,,,,
,,,,
,,,,
,,,,
,,,,
,,,,
,,,,
,,,,
,,,,
,,,,
,,,,
,,,,
,,,,
,,,,
,,,,
,,,,
,,,,
,,,,
,,,,
,,,,
,,,,
,,,,
,,,,
,,,,
,,,,
,,,,
,,,,
,,,,
,,,,
,,,,
,,,,
,,,,
,,,,
,,,,
,,,,
,,,,
,,,,
,,,,
,,,,
,,,,
,,,,
,,,,
,,,,
,,,,
,,,,
,,,,
,,,,
,,,,
,,,,
,,,,
,,,,
,,,,
,,,,
,,,,
