time,clear,cloudy,intermediate
6:00:00,0.8125,0.9601,0.8854
6:01:00,0.8337,0.957,0.8907
6:02:00,0.8468,0.9606,0.8886
6:03:00,0.8525,0.9574,0.8935
6:04:00,0.8647,0.9542,0.8913
6:05:00,0.8764,0.9575,0.8958
6:06:00,0.8811,0.9669,0.8935
6:07:00,0.8855,0.9574,0.8978
6:08:00,0.8961,0.9603,0.9018
6:09:00,0.9064,0.9691,0.9057
6:10:00,0.91,0.9717,0.9094
6:11:00,0.9135,0.9625,0.9068
6:12:00,0.9168,0.9592,0.9102
6:13:00,0.92,0.956,0.9135
6:14:00,0.923,0.9752,0.9225
6:15:00,0.9259,1.0432,0.9197
6:16:00,0.9287,1.0929,0.9226
6:17:00,0.9258,0.9225,0.9198
6:18:00,0.9285,0.9357,0.9171
6:19:00,0.9256,0.8292,0.9198
6:20:00,0.9228,0.9915,0.9224
6:21:00,0.9096,0.7712,0.9249
6:22:00,0.8761,1.1386,0.9273
6:23:00,0.8029,1.1479,0.9296
6:24:00,0.6916,1.0649,0.9318
6:25:00,0.5487,1.0844,0.929
6:26:00,0.9119,1.0704,0.9262
6:27:00,0.8517,1.1451,0.9235
6:28:00,0.8357,0.7951,0.9303
6:29:00,0.8202,1.0666,0.9323
6:30:00,0.9206,0.6141,0.9342
6:31:00,0.845,0.5402,0.9315
6:32:00,0.8795,0.5074,0.9378
6:33:00,0.9443,0.4797,0.9351
6:34:00,0.9503,0.4612,0.9368
6:35:00,0.9431,0.4769,0.9385
6:36:00,0.9618,0.5173,0.9401
6:37:00,0.9589,0.5526,0.9416
6:38:00,0.9602,0.6564,0.939
6:39:00,0.9573,0.6087,0.9405
6:40:00,0.9709,0.6299,0.942
6:41:00,0.887,0.6111,0.9475
6:42:00,0.9811,0.6084,0.9448
6:43:00,0.9821,0.6018,0.9462
6:44:00,1.0026,0.5916,0.9515
6:45:00,1.0111,0.5627,0.9528
6:46:00,1.0155,0.5531,0.9578
6:47:00,1.0199,0.5659,0.9552
6:48:00,1.0241,0.6883,0.9602
6:49:00,1.0023,0.6632,0.9576
6:50:00,1.003,0.6565,0.9661
6:51:00,0.9745,0.6429,0.9634
6:52:00,0.9935,0.6577,0.9681
6:53:00,0.8909,0.6653,0.9655
6:54:00,0.6704,0.5933,0.9665
6:55:00,0.4786,0.5774,0.964
6:56:00,0.5466,0.6126,0.965
6:57:00,0.8497,1.2975,0.9626
6:58:00,1.0894,0.8869,0.9636
6:59:00,1.069,1.1223,0.9613
7:00:00,0.9858,0.711,0.9623
7:01:00,1.0394,0.5785,0.96
7:02:00,1.0593,0.5253,0.9643
7:03:00,0.8715,0.4985,0.962
7:04:00,0.732,0.4878,0.963
7:05:00,0.5982,0.493,0.964
7:06:00,0.8422,0.5011,0.9618
7:07:00,1.0287,0.4969,0.9628
7:08:00,0.9764,0.4775,0.9607
7:09:00,0.9066,0.4554,0.9617
7:10:00,0.9111,0.4247,0.9627
7:11:00,0.6557,0.4183,0.9606
7:12:00,0.4255,0.4178,0.9646
7:13:00,0.5319,0.4261,0.9656
7:14:00,0.6013,0.4372,0.9636
7:15:00,0.4766,0.4453,0.9646
7:16:00,0.4582,0.456,0.9685
7:17:00,0.7308,0.4695,0.9694
7:18:00,0.8735,0.4995,0.9675
7:19:00,0.878,0.5681,0.9713
7:20:00,0.9387,0.6412,0.9694
7:21:00,0.9817,0.8559,0.9703
7:22:00,0.9826,1.1191,0.9713
7:23:00,0.9862,1.4137,0.9695
7:24:00,0.968,1.1511,0.9704
7:25:00,0.9608,1.1668,0.9714
7:26:00,0.9645,1.177,0.9697
7:27:00,0.9789,0.7668,0.968
7:28:00,0.9851,1.0483,0.969
7:29:00,0.9807,0.6914,0.97
7:30:00,0.9529,1.0801,0.9762
7:31:00,0.9929,1.0931,0.9797
7:32:00,0.9603,1.0882,0.9781
7:33:00,0.9332,1.0733,0.9816
7:34:00,0.932,1.0561,0.9825
7:35:00,0.9761,1.0367,0.9835
7:36:00,0.9671,1.025,0.9844
7:37:00,0.9383,1.0134,0.9803
7:38:00,0.9593,1.0142,0.9813
7:39:00,0.9383,1.0125,0.9798
7:40:00,0.9274,1.0181,0.9808
7:41:00,0.8899,1.0165,0.9794
7:42:00,0.9397,1.0126,0.978
7:43:00,0.9218,1.011,0.9814
7:44:00,0.7733,1.0236,0.9824
7:45:00,0.7756,1.0384,0.9834
7:46:00,0.9259,1.0252,0.9821
7:47:00,0.988,1.0213,0.9855
7:48:00,0.9844,1.0245,0.9818
7:49:00,0.9901,1.0207,0.9852
7:50:00,0.9842,0.983,0.9839
7:51:00,0.9921,1.0292,0.985
7:52:00,0.9818,1.0233,0.9861
7:53:00,0.9874,1.0286,0.9871
7:54:00,0.9862,1.0294,0.9815
7:55:00,0.9851,1.0236,0.9826
7:56:00,0.9884,1.0245,0.9837
7:57:00,0.9873,0.995,0.9826
7:58:00,0.984,1.0307,0.9749
7:59:00,0.9873,1.0337,0.9805
8:00:00,0.9884,1.0303,0.9816
8:01:00,0.9809,1.0269,0.9828
8:02:00,0.9885,1.0385,0.984
8:03:00,0.9876,1.0878,0.9787
8:04:00,0.9866,1.2059,0.98
8:05:00,0.9815,0.7011,0.9833
8:06:00,0.9827,0.6975,0.9887
8:07:00,0.9818,1.0471,0.8078
8:08:00,0.983,0.7172,0.989
8:09:00,0.9843,0.6788,0.9985
8:10:00,0.9835,1.3693,1.01
8:11:00,0.9827,1.2917,0.9598
8:12:00,0.986,0.7455,1.0041
8:13:00,0.9832,1.1268,1.0174
8:14:00,0.9784,0.6904,0.9963
8:15:00,0.9818,1.1856,0.9855
8:16:00,0.9731,1.0733,0.9488
8:17:00,0.9765,1.1273,1.1057
8:18:00,0.9798,0.6541,1.0906
8:19:00,0.9792,0.9844,1.0835
8:20:00,0.9708,0.6888,1.0824
8:21:00,0.9761,1.0296,0.9875
8:22:00,0.9775,1.3115,0.3621
8:23:00,0.9809,0.538,0.6317
8:24:00,0.9842,1.3285,0.5112
8:25:00,0.9875,1.1386,0.4264
8:26:00,0.987,1.2886,1.1435
8:27:00,0.9865,0.5155,1.1462
8:28:00,0.9861,0.9947,1.1299
8:29:00,0.9856,1.2125,1.1061
8:30:00,0.9833,1.135,0.4943
8:31:00,0.9811,1.1247,0.3369
8:32:00,0.9882,1.1422,0.3635
8:33:00,0.9804,1.132,1.11
8:34:00,0.9874,1.1091,0.5842
8:35:00,0.9889,1.1028,0.3351
8:36:00,0.985,1.0984,0.3209
8:37:00,0.9847,1.0995,0.3306
8:38:00,0.9899,1.1258,0.422
8:39:00,0.9896,1.0784,0.6451
8:40:00,0.9858,1.1974,0.9692
8:41:00,0.9802,0.823,1.1363
8:42:00,0.9907,0.8128,0.3958
8:43:00,0.9941,1.0956,0.4032
8:44:00,0.9939,0.9667,1.2247
8:45:00,0.9938,1.2941,1.183
8:46:00,0.9936,0.5321,0.404
8:47:00,0.9952,0.5511,0.4377
8:48:00,0.9794,0.5456,0.9756
8:49:00,0.9968,0.6058,0.5393
8:50:00,0.9967,0.6174,0.8225
8:51:00,0.9897,0.6735,1.2597
8:52:00,0.9897,0.555,1.2294
8:53:00,0.9863,0.5361,1.2062
8:54:00,0.9897,0.5444,1.1952
8:55:00,0.9897,0.6524,1.1894
8:56:00,0.9898,0.7816,1.1905
8:57:00,0.9983,1.4523,0.6178
8:58:00,0.9984,1.3973,0.357
8:59:00,0.9951,0.974,0.2951
9:00:00,1.0003,0.7747,1.1193
9:01:00,1.0004,1.2395,1.0989
9:02:00,1.0022,0.6145,1.1154
9:03:00,1.004,0.7739,1.1219
9:04:00,1.0025,0.7304,1.1167
9:05:00,0.9993,0.5203,1.1132
9:06:00,0.9995,0.4584,0.8113
9:07:00,1.0047,0.4537,1.0833
9:08:00,1.0049,0.5204,1.0702
9:09:00,1.0035,0.5464,1.0555
9:10:00,1.0038,1.0637,1.0508
9:11:00,1.0025,1.2887,1.0347
9:12:00,1.0028,0.4951,1.0009
9:13:00,0.995,0.7301,0.8768
9:14:00,1.0002,1.2569,0.8051
9:15:00,0.999,1.1929,1.1111
9:16:00,1.0057,0.4768,0.9991
9:17:00,1.0061,1.2163,1.1448
9:18:00,1.0049,1.2129,1.1257
9:19:00,1.0022,1.1719,0.3319
9:20:00,1.0106,1.1201,0.3135
9:21:00,1.011,1.0781,0.2937
9:22:00,1.0067,1.0939,0.2977
9:23:00,1.0072,1.0926,0.2859
9:24:00,0.9999,1.0897,0.2679
9:25:00,0.9989,1.0853,0.2657
9:26:00,0.9995,1.0764,0.2759
9:27:00,1.0047,1.0752,0.2814
9:28:00,1.0084,1.0694,0.2993
9:29:00,1.009,1.0683,0.3187
9:30:00,1.0096,1.0703,0.3457
9:31:00,1.001,1.0707,0.3772
9:32:00,1.0124,1.0711,0.4224
9:33:00,1.0146,1.0762,0.6021
9:34:00,1.003,1.0797,0.5533
9:35:00,1.022,1.0787,0.5902
9:36:00,1.0227,1.0807,1.2172
9:37:00,1.0295,1.0782,1.3025
9:38:00,1.0423,1.0757,1.2692
9:39:00,1.0611,1.0733,1.2392
9:40:00,1.0979,1.0739,1.2108
9:41:00,1.1165,1.0716,1.1856
9:42:00,1.1486,1.0663,1.162
9:43:00,1.1641,1.064,1.1536
9:44:00,1.1766,1.0617,1.1496
9:45:00,0.2712,1.061,1.1398
9:46:00,0.3123,1.0617,1.127
9:47:00,0.2953,1.0668,1.1158
9:48:00,0.3362,1.0676,1.0957
9:49:00,1.0981,1.064,1.0891
9:50:00,1.1078,1.059,1.0825
9:51:00,1.0835,1.0452,1.076
9:52:00,1.1211,1.0563,1.0739
9:53:00,1.1219,1.0702,1.0748
9:54:00,0.2679,1.0769,1.0787
9:55:00,1.0111,1.0691,1.0854
9:56:00,1.0909,1.0656,1.0907
9:57:00,1.0642,1.0651,1.1004
9:58:00,1.0666,1.0646,1.1159
9:59:00,1.0619,1.067,1.1445
10:00:00,1.073,1.0694,1.1961
10:01:00,1.0697,1.0704,0.9755
10:02:00,1.0737,1.0714,1.0605
10:03:00,1.0733,1.0682,1.141
10:04:00,1.0874,1.065,1.3364
10:05:00,1.1115,1.066,1.3356
10:06:00,1.1212,1.0657,1.388
10:07:00,0.6556,1.0668,1.2783
10:08:00,0.4216,1.0665,0.9301
10:09:00,1.0788,1.0705,0.6929
10:10:00,1.0672,1.0731,0.9115
10:11:00,1.0656,1.0742,0.997
10:12:00,1.0612,1.074,1.3511
10:13:00,1.0653,1.0724,1.3264
10:14:00,1.0652,1.0723,1.2366
10:15:00,1.0665,1.0735,1.2816
10:16:00,1.0678,1.0762,1.0055
10:17:00,1.0664,1.0788,0.5451
10:18:00,0.8494,1.0787,0.5063
10:19:00,1.1184,1.0773,0.4803
10:20:00,1.197,1.08,0.4825
10:21:00,0.5949,1.0799,0.5029
10:22:00,0.3559,1.0841,0.5598
10:23:00,0.3373,1.0855,0.7553
10:24:00,1.2092,1.0882,0.7082
10:25:00,1.0695,1.091,0.6444
10:26:00,0.9316,1.0938,0.5822
10:27:00,0.826,1.0953,0.5509
10:28:00,1.1103,1.0981,0.5335
10:29:00,0.4809,1.101,0.5176
10:30:00,1.212,1.1024,0.5073
10:31:00,1.1233,1.1053,0.5012
10:32:00,1.2094,1.1096,0.4965
10:33:00,0.2588,1.1125,0.496
10:34:00,0.2779,1.1181,0.4969
10:35:00,0.8591,1.1184,0.4923
10:36:00,1.2418,1.1213,0.4835
10:37:00,0.5734,1.127,0.4747
10:38:00,0.3594,1.1327,0.4688
10:39:00,0.494,1.1384,0.4656
10:40:00,0.4207,1.1414,0.4679
10:41:00,0.9821,1.1472,0.4813
10:42:00,0.409,1.1543,0.507
10:43:00,0.8351,1.1614,0.5546
10:44:00,1.2988,1.1644,0.7489
10:45:00,0.5791,1.1702,0.6058
10:46:00,0.3748,1.1814,0.5684
10:47:00,0.3759,1.1926,0.5365
10:48:00,0.9725,1.2038,0.5114
10:49:00,0.4095,1.2151,0.4947
10:50:00,1.2822,1.233,0.4875
10:51:00,1.2254,1.255,0.4886
10:52:00,1.2314,1.2568,0.4978
10:53:00,1.0755,0.8848,0.5084
10:54:00,0.4381,0.4354,0.5203
10:55:00,1.0035,0.3693,0.5187
10:56:00,1.3712,0.31,0.5129
10:57:00,1.3894,0.2656,0.5031
10:58:00,1.3357,0.244,0.4865
10:59:00,0.4586,0.2251,0.4673
11:00:00,0.3987,0.2089,0.448
11:01:00,0.37,0.1967,0.4288
11:02:00,0.3929,0.1846,0.411
11:03:00,1.3245,0.1738,0.3986
11:04:00,0.3641,0.1657,0.3863
11:05:00,0.3031,0.159,0.3726
11:06:00,0.3246,0.1535,0.3548
11:07:00,0.8776,0.1495,0.3384
11:08:00,0.8732,0.1467,0.3248
11:09:00,0.3757,0.1454,0.322
11:10:00,0.7673,0.144,0.3219
11:11:00,0.5807,0.1439,0.3205
11:12:00,1.2813,0.1439,0.3109
11:13:00,1.3121,0.1452,0.296
11:14:00,1.3226,0.1478,0.2797
11:15:00,1.2967,0.1504,0.2675
11:16:00,0.5437,0.157,0.258
11:17:00,0.3898,0.165,0.2525
11:18:00,0.3507,0.1756,0.2458
11:19:00,1.1085,0.1862,0.2349
11:20:00,1.2122,0.2008,0.2214
11:21:00,1.204,0.2154,0.2079
11:22:00,1.1406,0.2313,0.2011
11:23:00,1.1675,0.2512,0.1984
11:24:00,1.1581,0.299,0.2038
11:25:00,1.1689,0.2871,0.2119
11:26:00,1.1648,0.2791,0.2173
11:27:00,1.1676,0.2671,0.2187
11:28:00,1.1528,0.2551,0.2133
11:29:00,1.1596,0.2432,0.2039
11:30:00,1.1449,0.2339,0.1944
11:31:00,1.0169,0.2272,0.1931
11:32:00,1.1371,0.2219,0.1931
11:33:00,1.1184,0.218,0.1959
11:34:00,1.1024,0.2167,0.2
11:35:00,1.1013,0.214,0.204
11:36:00,1.1002,0.2114,0.2081
11:37:00,1.1058,0.2075,0.2163
11:38:00,1.0994,0.2048,0.2272
11:39:00,1.0943,0.2009,0.2394
11:40:00,1.1027,0.1996,0.2557
11:41:00,1.1071,0.1996,0.268
11:42:00,1.1088,0.1984,0.2816
11:43:00,1.1052,0.1971,0.2953
11:44:00,1.1015,0.1958,0.3062
11:45:00,1.0952,0.1945,0.3118
11:46:00,1.0997,0.1959,0.32
11:47:00,1.1015,0.1973,0.3351
11:48:00,1.1007,0.2001,0.3461
11:49:00,1.1026,0.2015,0.349
11:50:00,1.1045,0.2029,0.3424
11:51:00,1.1037,0.203,0.333
11:52:00,1.1015,0.2071,0.321
11:53:00,1.1021,0.2112,0.3171
11:54:00,1.1028,0.2193,0.3268
11:55:00,1.1007,0.2288,0.3338
11:56:00,1.1027,0.2396,0.3353
11:57:00,1.1021,0.2505,0.3397
11:58:00,1.1014,0.264,0.3481
11:59:00,1.0994,0.2816,0.3592
12:00:00,1.092,0.3005,0.369
12:01:00,1.0983,0.3222,0.3789
12:02:00,1.1018,0.3412,0.3874
12:03:00,1.104,0.3576,0.3931
12:04:00,1.1035,0.3699,0.3948
12:05:00,1.1044,0.3769,0.3938
12:06:00,1.1066,0.3772,0.3941
12:07:00,1.1048,0.3721,0.4013
12:08:00,1.1016,0.3656,0.4154
12:09:00,1.1026,0.3605,0.4364
12:10:00,1.1008,0.3554,0.4492
12:11:00,1.1018,0.3475,0.4386
12:12:00,1.1015,0.3383,0.4321
12:13:00,1.0984,0.3292,0.438
12:14:00,1.1091,0.3186,0.4578
12:15:00,1.1047,0.3067,0.4832
12:16:00,1.1058,0.2961,0.4906
12:17:00,1.1042,0.2828,0.48
12:18:00,1.104,0.2708,0.468
12:19:00,1.101,0.2601,0.4616
12:20:00,1.1036,0.2536,0.483
12:21:00,1.1063,0.2511,0.5393
12:22:00,1.1033,0.2486,0.4715
12:23:00,1.1088,0.2462,0.4651
12:24:00,1.1101,0.2423,0.4866
12:25:00,1.1059,0.2385,0.5124
12:26:00,1.1114,0.2346,0.5243
12:27:00,1.1114,0.228,0.5151
12:28:00,1.1128,0.2214,0.5045
12:29:00,1.1114,0.2162,0.4981
12:30:00,1.1157,0.2109,0.5002
12:31:00,1.1116,0.2056,0.5178
12:32:00,1.1117,0.2045,0.5086
12:33:00,1.1118,0.2062,0.4725
12:34:00,1.1119,0.2106,0.4619
12:35:00,1.1106,0.215,0.4668
12:36:00,1.057,0.2087,0.4771
12:37:00,1.1124,0.2239,0.508
12:38:00,1.1098,0.234,0.5116
12:39:00,1.1086,0.2496,0.4995
12:40:00,1.1061,0.2695,0.4931
12:41:00,1.0436,0.2795,0.4778
12:42:00,1.1023,0.3193,0.5219
12:43:00,1.1055,0.3464,0.5199
12:44:00,1.1088,0.3722,0.5135
12:45:00,1.1106,0.4023,0.51
12:46:00,1.1095,0.4438,0.5397
12:47:00,1.1099,0.4981,0.7662
12:48:00,1.1089,0.4932,0.5155
12:49:00,1.1094,0.5761,0.483
12:50:00,1.1128,0.8507,0.465
12:51:00,1.1162,0.8606,0.4513
12:52:00,1.1153,0.4623,0.4404
12:53:00,1.1159,0.4503,0.4368
12:54:00,1.1194,0.4396,0.4435
12:55:00,1.1171,0.3975,0.4487
12:56:00,1.1177,0.3824,0.4554
12:57:00,1.1169,0.3702,0.4607
12:58:00,1.1176,0.3593,0.4823
12:59:00,1.1183,0.3513,0.5926
13:00:00,1.1161,0.3462,0.6929
13:01:00,1.1124,0.3454,0.8397
13:02:00,1.1131,0.3417,1.1417
13:03:00,1.1109,0.3395,1.0085
13:04:00,1.1118,0.3416,0.9121
13:05:00,1.1141,0.3466,1.1653
13:06:00,1.1134,0.3516,1.0674
13:07:00,1.1068,0.3582,1.0471
13:08:00,1.1092,0.3648,1.1322
13:09:00,1.1071,0.4007,1.3142
13:10:00,1.1066,1.3268,0.7349
13:11:00,1.1106,0.5498,0.6851
13:12:00,1.1085,0.4948,0.954
13:13:00,1.1111,1.2522,0.9638
13:14:00,1.1106,1.2876,0.7905
13:15:00,1.1116,1.277,0.6731
13:16:00,1.1112,1.1725,0.5045
13:17:00,1.1138,0.5898,0.4841
13:18:00,1.1135,0.5073,0.5516
13:19:00,1.1177,0.8984,0.6178
13:20:00,1.1158,0.7321,0.9336
13:21:00,1.1201,1.2883,0.8335
13:22:00,1.1198,1.2686,0.5679
13:23:00,1.1211,0.324,0.9235
13:24:00,1.1193,0.2959,0.7883
13:25:00,1.1191,0.2799,1.2842
13:26:00,1.1173,0.2714,1.3049
13:27:00,1.1187,0.2675,0.5927
13:28:00,1.1185,0.2636,0.8108
13:29:00,1.1199,0.2627,0.5975
13:30:00,1.1198,0.2633,0.526
13:31:00,1.1197,0.2671,0.7745
13:32:00,1.118,0.274,0.66
13:33:00,1.1163,0.284,0.6426
13:34:00,1.1163,0.3003,0.6621
13:35:00,1.1147,0.3542,0.6479
13:36:00,1.1146,1.2265,0.7968
13:37:00,1.1146,1.3223,1.2173
13:38:00,1.1147,1.3291,1.2664
13:39:00,1.1147,1.3533,1.0044
13:40:00,1.118,1.3887,0.9813
13:41:00,1.1165,1.4449,1.0089
13:42:00,1.1133,1.4585,1.1732
13:43:00,1.1135,0.7752,1.0794
13:44:00,1.1087,0.6191,0.4238
13:45:00,1.1105,0.5439,0.382
13:46:00,1.1107,0.5648,0.3732
13:47:00,1.1109,0.5213,0.6786
13:48:00,1.1144,0.5326,1.1889
13:49:00,1.1181,0.4514,0.6073
13:50:00,1.1133,0.4772,0.5756
13:51:00,1.117,0.5881,0.5368
13:52:00,1.1173,1.3535,0.491
13:53:00,1.116,1.1178,0.4842
13:54:00,1.1215,0.5178,0.5543
13:55:00,1.1202,0.4632,0.4824
13:56:00,1.124,0.4547,0.4479
13:57:00,1.1211,0.3863,0.4252
13:58:00,1.1198,0.3658,0.4163
13:59:00,1.1203,0.3603,0.4178
14:00:00,1.1226,0.3599,0.428
14:01:00,1.1214,0.3594,0.4506
14:02:00,1.122,0.3487,0.6723
14:03:00,1.1226,0.338,0.5175
14:04:00,1.125,0.3256,0.4751
14:05:00,1.1221,0.3199,1.1247
14:06:00,1.1245,0.3141,0.5234
14:07:00,1.1234,0.3083,0.4716
14:08:00,1.1224,0.3077,0.4284
14:09:00,1.1249,0.3088,0.3975
14:10:00,1.1257,0.31,0.3701
14:11:00,1.1265,0.3076,0.3515
14:12:00,1.1273,0.3,0.3346
14:13:00,1.1282,0.2958,0.3176
14:14:00,1.1272,0.2881,0.3115
14:15:00,1.1263,0.2803,0.3054
14:16:00,1.1253,0.2742,0.2955
14:17:00,1.1281,0.2699,0.2874
14:18:00,1.1291,0.2512,0.2811
14:19:00,1.1301,0.2486,0.2785
14:20:00,1.1293,0.2424,0.2797
14:21:00,1.1265,0.2361,0.2752
14:22:00,1.1257,0.2297,0.2688
14:23:00,1.1306,0.2252,0.2662
14:24:00,1.1298,0.2243,0.2693
14:25:00,1.131,0.227,0.2782
14:26:00,1.1322,0.2372,0.293
14:27:00,1.1315,0.2513,0.3119
14:28:00,1.1308,0.271,0.3349
14:29:00,1.134,0.2909,0.3561
14:30:00,1.1333,0.3129,0.3834
14:31:00,1.1347,0.3389,0.415
14:32:00,1.136,0.3613,0.4589
14:33:00,1.1354,0.3839,0.4771
14:34:00,1.1348,0.4106,0.4713
14:35:00,1.1363,0.449,0.4675
14:36:00,1.1317,0.4239,0.4698
14:37:00,1.1372,0.4336,0.4864
14:38:00,1.1367,0.422,0.5115
14:39:00,1.1341,0.42,0.5264
14:40:00,1.1399,0.5501,0.5291
14:41:00,1.1436,0.4021,0.5255
14:42:00,1.1411,0.422,0.524
14:43:00,1.1449,0.408,0.5225
14:44:00,1.1424,0.414,0.5231
14:45:00,1.1441,0.422,0.528
14:46:00,1.1459,0.4343,0.5415
14:47:00,1.1435,0.4466,0.5595
14:48:00,1.1518,0.4652,0.5863
14:49:00,1.1537,0.4841,0.6026
14:50:00,1.1535,0.5051,0.6256
14:51:00,1.1511,0.5244,0.6511
14:52:00,1.1531,0.6609,0.7233
14:53:00,1.1551,0.4983,0.7096
14:54:00,1.155,0.4311,0.7516
14:55:00,1.1526,0.3803,0.8009
14:56:00,1.1525,0.3396,0.9776
14:57:00,1.1547,0.2985,0.7693
14:58:00,1.1592,0.2677,0.7555
14:59:00,1.1591,0.2453,0.7255
15:00:00,1.1568,0.2248,0.9546
15:01:00,1.1568,0.2085,0.7529
15:02:00,1.1592,0.192,0.7528
15:03:00,1.1616,0.1798,0.7267
15:04:00,1.1616,0.1674,0.7146
15:05:00,1.1641,0.1572,0.6928
15:06:00,1.169,0.1445,0.6684
15:07:00,1.174,0.1385,0.6097
15:08:00,1.1694,0.1325,0.5698
15:09:00,1.1721,0.1333,0.549
15:10:00,1.1797,0.1341,0.5254
15:11:00,1.18,0.1349,0.5041
15:12:00,1.1804,0.1404,0.4949
15:13:00,1.1757,0.1507,0.4957
15:14:00,1.1761,0.1611,0.5067
15:15:00,1.1764,0.1716,0.5203
15:16:00,1.1794,0.1799,0.5291
15:17:00,1.1798,0.1859,0.5457
15:18:00,1.1829,0.1944,0.5573
15:19:00,1.186,0.203,0.5613
15:20:00,1.1865,0.2117,0.5547
15:21:00,1.1844,0.223,0.5427
15:22:00,1.1904,0.2344,0.5279
15:23:00,1.1856,0.2485,0.5183
15:24:00,1.1916,0.2629,0.5086
15:25:00,1.1923,0.2748,0.4987
15:26:00,1.1875,0.2844,0.4914
15:27:00,1.1937,0.2967,0.4923
15:28:00,1.2001,0.3092,0.5045
15:29:00,1.2009,0.3218,0.5254
15:30:00,1.2017,0.3373,0.5409
15:31:00,1.1998,0.3503,0.5509
15:32:00,1.2035,0.3609,0.5553
15:33:00,1.1986,0.3743,0.551
15:34:00,1.2054,0.3824,0.5467
15:35:00,1.2093,0.3907,0.5423
15:36:00,1.2074,0.3992,0.5438
15:37:00,1.2084,0.3994,0.5543
15:38:00,1.2095,0.3885,0.5772
15:39:00,1.2136,0.3831,0.6128
15:40:00,1.2117,0.3804,0.6366
15:41:00,1.2067,0.3891,0.6515
15:42:00,1.2172,0.4008,0.6572
15:43:00,1.2247,0.3982,0.6472
15:44:00,1.2293,0.3809,0.6305
15:45:00,1.2307,0.3633,0.6201
15:46:00,1.2321,0.3603,0.6062
15:47:00,1.2237,0.3423,0.5953
15:48:00,1.235,0.3119,0.5876
15:49:00,1.2366,0.2717,0.583
15:50:00,1.2381,0.2371,0.5717
15:51:00,1.2363,0.2205,0.5635
15:52:00,1.238,0.2318,0.5551
15:53:00,1.2361,0.2591,0.5432
15:54:00,1.2483,0.2869,0.5274
15:55:00,1.2501,0.3088,0.5149
15:56:00,1.2519,0.3441,0.5022
15:57:00,1.2538,0.3701,0.5001
15:58:00,1.2447,0.3735,0.5015
15:59:00,1.2503,0.3603,0.5105
16:00:00,1.2522,0.3772,0.5233
16:01:00,1.2616,0.3841,0.5515
16:02:00,1.2637,0.405,0.5765
16:03:00,1.2658,0.4366,0.6021
16:04:00,1.268,0.4024,0.6009
16:05:00,1.2702,0.3533,0.5878
16:06:00,1.2724,0.3176,0.5745
16:07:00,1.2707,0.3064,0.5608
16:08:00,1.273,0.335,0.5509
16:09:00,1.2713,0.3679,0.5449
16:10:00,1.2695,0.4126,0.5638
16:11:00,1.276,0.4319,0.5789
16:12:00,1.2954,0.4289,0.603
16:13:00,1.2981,0.4028,0.6622
16:14:00,1.2878,0.4227,0.6966
16:15:00,1.2992,0.4704,0.6919
16:16:00,1.2976,0.5152,0.6961
16:17:00,1.2958,0.529,0.6913
16:18:00,1.3032,0.5187,0.7002
16:19:00,1.3015,0.5165,0.6999
16:20:00,1.3137,0.5183,0.6808
16:21:00,1.2978,0.5201,0.6515
16:22:00,1.3055,0.505,0.6263
16:23:00,1.3036,0.4939,0.6003
16:24:00,1.3264,0.5215,0.5837
16:25:00,1.3146,0.5367,0.5665
16:26:00,1.3381,0.5477,0.5591
16:27:00,1.3313,0.5546,0.5567
16:28:00,1.3295,0.5661,0.5542
16:29:00,1.3806,0.5502,0.5516
16:30:00,1.3417,0.5152,0.5489
16:31:00,1.4,0.5029,0.5461
16:32:00,1.3822,0.5143,0.5432
16:33:00,1.3414,0.4871,0.5459
16:34:00,1.4079,0.4492,0.5429
16:35:00,1.401,0.4504,0.5339
16:36:00,1.3228,0.4668,0.5246
16:37:00,1.4042,0.4784,0.5089
16:38:00,1.4027,0.48,0.4926
16:39:00,1.4383,0.4657,0.4695
16:40:00,1.4056,0.408,0.452
16:41:00,1.4103,0.3541,0.4403
16:42:00,1.4737,0.2875,0.4216
16:43:00,1.4862,0.2469,0.3955
16:44:00,1.4247,0.245,0.3616
16:45:00,1.4915,0.2372,0.3404
16:46:00,1.4906,0.2115,0.3325
16:47:00,1.4825,0.2029,0.3315
16:48:00,1.4667,0.2123,0.3378
16:49:00,1.4502,0.2404,0.3442
16:50:00,1.5158,0.3007,0.3586
16:51:00,1.5455,0.3567,0.389
16:52:00,1.1135,0.3627,0.4285
16:53:00,1.0719,0.3755,0.4534
16:54:00,0.6367,0.3351,0.4462
16:55:00,0.6916,0.3206,0.4303
16:56:00,0.519,0.3332,0.4394
16:57:00,0.643,0.3251,0.4841
16:58:00,0.7191,0.3887,0.5397
16:59:00,1.5153,0.6012,0.5609
17:00:00,1.6513,0.6275,0.5642
17:01:00,1.5275,0.4948,0.5291
17:02:00,1.5919,0.4656,0.4922
17:03:00,1.6194,0.4511,0.4838
17:04:00,1.6071,0.5408,0.4748
17:05:00,1.7503,0.5682,0.5076
17:06:00,1.7614,0.6639,0.531
17:07:00,1.8273,0.6349,0.5556
17:08:00,1.7617,1.0163,0.5471
17:09:00,1.8418,0.7339,0.538
17:10:00,1.6185,0.8322,0.5403
17:11:00,1.2979,0.7011,0.5303
17:12:00,1.1837,0.6022,0.5322
17:13:00,1.4982,0.5866,0.5341
17:14:00,1.5668,0.5902,0.5225
17:15:00,1.8284,0.686,0.5239
17:16:00,1.9793,0.6605,0.5678
17:17:00,1.5932,0.7303,0.5995
17:18:00,2.0258,0.9684,0.648
17:19:00,1.7681,0.8122,0.6993
17:20:00,1.8078,0.8098,0.7215
17:21:00,1.2004,0.8902,0.7283
17:22:00,1.7588,0.8406,0.701
17:23:00,1.8518,0.7505,0.6892
17:24:00,1.6639,0.7581,0.658
17:25:00,1.925,0.7659,0.6054
17:26:00,1.9161,0.8011,0.6074
17:27:00,1.9056,0.88,0.6296
17:28:00,1.9344,1.035,0.653
17:29:00,1.9642,1.1694,0.6998
17:30:00,1.9288,1.0828,0.7271
17:31:00,1.9354,1.1004,0.7561
17:32:00,2.0132,1.1024,0.8116
17:33:00,2.1961,1.0372,0.8714
17:34:00,2.185,1.0537,0.9624
17:35:00,2.2259,0.9637,1.061
17:36:00,2.2689,1.0885,1.1388
17:37:00,2.077,1.4122,1.162
17:38:00,1.4923,1.5211,1.1868
17:39:00,2.1534,1.5552,1.1459
17:40:00,1.921,1.3152,1.1709
17:41:00,1.843,1.4965,1.1231
17:42:00,1.5645,1.3938,1.1088
17:43:00,1.6966,1.0685,1.0921
17:44:00,1.5441,0.8397,1.1174
17:45:00,1.4622,1.4144,1.1458
17:46:00,1.5637,1.4742,1.1266
17:47:00,1.4174,1.2027,1.1593
17:48:00,1.474,1.1104,1.1374
17:49:00,1.6017,0.9478,1.0458
17:50:00,1.4161,0.929,1.0076
17:51:00,,0.7733,1.2008
17:52:00,,0.6364,1.4428
17:53:00,,0.6706,1.4451
17:54:00,,0.7476,1.4479
17:55:00,,0.625,
17:56:00,,0.6196,
17:57:00,,0.6133,
17:58:00,,,
17:59:00,,,
18:00:00,,,
